tower_id,latitude,longitude
13125,23.403157674400624,23.128278902127043
13126,25.000035277954215,22.853308656621387
13127,22.817068566503064,17.62197197475566
13128,23.016748118425888,17.06479896713226
13129,27.32263266166965,23.064772535145067
13130,23.6008766439055,21.841223097022272
13131,22.598226638240142,16.560737321968194
13132,26.45889523831766,22.233598023241406
13133,22.935717936177557,17.46536279125705
13134,23.08330550390251,24.334022849801496
13135,25.7562837485086,19.084594632567374
13136,27.3589032696501,18.01456782292751
13137,27.12962977397685,23.514239304248427
13138,25.261214774311796,24.743757131928596
13139,25.6908413211646,16.0279392011201
13140,27.639655342468615,20.931125725820095
13141,22.20512962323834,23.417975816568767
13142,25.17931571001988,19.817762384649253
13143,28.36126564879733,20.622722335801782
13144,23.90654995320557,23.913650479137665
13145,22.689479831535795,18.18740285955632
13146,27.62837401587476,19.02790343386951
13147,23.06956686238188,19.600727870079467
13148,23.087986981922125,19.62775022988758
13149,27.564308807078298,19.3186015955674
13150,28.545120777485533,22.36310598671251
13151,28.667541440903857,21.749831689056776
13152,25.586380715171284,21.625476080935833
13153,27.106417988094044,24.62509689249319
13154,28.45526841087878,22.78422180256762
13155,23.175008307734487,24.939792405877434
13156,28.375963116801234,18.930278116711712
13157,26.015698185092496,21.045540646571254
13158,26.607352096543337,23.41031475107217
13159,27.51696039050192,20.060045150015164
13160,27.62234504517769,19.197736743254392
13161,28.654872962325367,22.52027683156895
13162,25.88805759617113,22.635646119656123
13163,24.52142425732371,16.913470125769873
13164,26.00253368292467,16.448736225667037
13165,27.581034262518738,24.803020246783408
13166,26.006949971066135,18.309711105784896
13167,28.777110900996703,21.898322501994137
13168,23.11490779669943,24.95262982703886
13169,22.344544947674244,21.401216820712268
13170,24.5295364306452,20.197432280428558
13171,27.19681892319896,24.03920492419049
13172,23.016274605225423,19.419850005637514
13173,24.388315074314743,19.314451948980672
13174,25.485115716546062,23.08239236473732
13175,28.74740834597392,24.64225114353389
13176,24.71994497865206,23.21239531020613
13177,28.430726899374438,22.177681959836477
13178,26.054762380394937,20.52130176775339
13179,24.27427245711573,20.269662851395353
13180,22.098255411404686,18.08920056058526
13181,28.487630098784123,22.29545596892477
13182,28.08295881816234,20.52649616336418
13183,27.027908742254628,24.23514096746731
13184,23.87161828501045,18.128708790528922
13185,27.768984428676813,21.068794221264046
13186,24.75142497127084,22.271896375791364
13187,26.165331160094016,24.37623528967063
13188,23.037012399235316,24.06516794739195
13189,26.030193656697595,19.4303847370473
13190,23.48406000379768,23.283896390416597
13191,22.0891731699482,22.42853480830957
13192,25.262158263859156,18.656758560070916
13193,24.899450878839847,22.710942768304037
13194,23.008670994200145,20.597360386691
13195,26.011981700948905,19.181911374223898
13196,22.07811854729674,20.9167583121651
13197,28.381972301821108,21.292679261935195
13198,23.168611025928627,22.343787362776855
13199,23.375959171807345,22.81426933611557
13200,26.826163551146838,20.32117582300481
13201,23.716236348390478,17.738233167386902
13202,27.62696496195896,24.232926841145513
13203,24.033445198376956,24.56463775529258
13204,22.203226634765336,24.296151275247006
13205,28.4827088879545,22.724515576919273
13206,26.653666944730773,24.751439098591398
13207,26.563330046174762,24.616667367610738
13208,22.009066080021956,23.566530168449944
13209,27.872693163045327,18.52443262069155
13210,25.615775260588556,24.64154757411404
13211,28.70339097082695,18.478594349426245
13212,22.947731977930424,16.906913579856727
13213,22.43400166748118,24.34742666765588
13214,23.385437151052603,17.74486447674152
13215,23.43459977879197,23.829953324664793
13216,23.94803672959581,24.210400547589792
13217,27.71784029650657,16.21198825351376
13218,24.61024598236341,18.448961128369913
13219,27.62652881925566,20.565728413340697
13220,27.39801012712823,23.927440217350483
13221,23.17981628561803,16.14606952407326
13222,22.524888338379895,18.399474160820176
13223,23.372468152747274,24.048788347185337
13224,27.28042999195349,19.082818407660824
13225,25.64046240877883,23.7232081068871
13226,22.697861445255008,17.582455551755103
13227,22.44415712692309,24.332320606252363
13228,22.99455116795008,24.955223037304407
13229,24.85440030855369,23.983265456146263
13230,26.140170161892936,18.64980582091651
13231,23.927855429337022,18.285483435296044
13232,23.6340726018652,18.871156802124943
13233,23.55984932685542,20.217263185209134
13234,28.832873428025785,20.25691949188308
13235,23.35049179913247,19.6035430593975
13236,28.145485615549273,18.48180932154312
13237,24.26076787352035,18.91615252520853
13238,22.067919621236513,24.82680894753857
13239,27.92271288665498,20.964318511138977
13240,28.15474677073395,23.986467941345317
13241,23.60642019800708,19.440662925016383
13242,24.306357257065038,23.882732716727354
13243,26.60620049322141,19.231679648593573
13244,26.15202584092109,20.823493467738054
13245,28.65263826906034,22.527131905593947
13246,23.607498174870553,18.845959684774293
13247,26.054359071214083,24.100501292426618
13248,23.085303567795194,17.89321950001253
13249,27.71298923352375,20.00755512730246
13250,26.731243776749025,20.885733279842036
13251,27.263973040080774,20.11916290510551
13252,25.70259882012924,22.60812126471823
13253,22.549354900670917,19.62764137333766
13254,25.957121109908748,21.91638280348936
13255,27.029256085257746,24.34743268916533
13256,24.272438247395307,16.3493595947579
13257,22.300679869423007,22.512188751663317
13258,22.126776579439557,23.910455587890056
13259,26.02469552092421,20.104367041562046
13260,28.01379714992369,23.802956680389705
13261,24.302995815335706,18.966181789687884
13262,27.09788765288469,19.411547691607502
13263,24.961736873450004,18.683239222268487
13264,22.15901526841967,21.7075117904813
13265,22.43933535133921,21.206647435577423
13266,26.24866283343933,23.8653645235786
13267,25.50850957353028,24.043862006756854
13268,23.39056182536573,17.415324544584067
13269,27.90189336350114,22.746873725201247
13270,23.6654054805262,18.540634287454758
13271,27.23479097403598,18.127438360965588
13272,27.00969573587885,22.020162817125126
13273,28.9299705448221,17.384027543217716
13274,26.308143283850594,20.724077807122928
13275,22.51311606388012,21.24878926342134
13276,27.610628132016743,22.861677519870327
13277,28.111375241527426,23.280581329429516
13278,25.695624594275678,17.727036872799236
13279,23.440671156133202,24.53181365937837
13280,25.817471811092386,16.49240161106886
13281,27.12321704036542,21.774574361150226
13282,22.041460418975337,23.209641963978438
13283,22.669322339462973,22.87043714612558
13284,25.252483534555704,18.81274757364836
13285,25.000673017403315,20.662778498900025
13286,28.600051884370746,21.015422927409485
13287,23.95630130126304,22.62316122577417
13288,22.220991197276085,22.91111168860346
13289,26.90111450449096,16.058134743328683
13290,27.08078373842146,19.213023646620186
13291,26.383718418204644,19.78891437629468
13292,22.575408327891992,24.312383944236622
13293,25.366849993776455,18.3431530255061
13294,27.020863767981083,20.40707290331876
13295,22.6884589132233,18.657454203001173
13296,25.501303312262205,24.116920632825114
13297,23.015465296781475,16.51731901202498
13298,27.121086228168927,20.020989059658206
13299,28.557006265474676,17.31605089510141
13300,26.850882909384218,19.799982825665424
13301,22.24253837388627,18.99961948014042
13302,26.962411227228102,17.400617670898473
13303,23.657957530204005,19.271662350228734
13304,28.328630469468685,21.12504446085768
13305,22.120444255086277,22.684738325960993
13306,27.369368899849384,24.596535611651127
13307,23.811386483956188,17.693818763165016
13308,22.295101071704085,24.97303838995234
13309,27.296141761299452,21.147124251092436
13310,28.89715643984679,19.385618421059906
13311,24.857630399189155,17.065398669448182
13312,26.03980500951806,17.34619742476281
13313,22.126709734722912,16.765545047010132
13314,25.94169563849482,19.82109621477532
13315,27.095767278116377,22.142406454132985
13316,25.37505944068394,17.14785969033143
13317,28.26747787579086,23.37076158891517
13318,24.13064718914444,21.802167253588795
13319,25.11315203705297,21.311709697771057
13320,24.833379765138105,21.983130073787066
13321,25.599180403381514,19.769229125812515
13322,22.485213636837006,18.936699587771294
13323,28.006727880314944,22.221916294861543
13324,22.441224832407677,18.03062475279492
13325,26.751836451158766,20.45892826087859
13326,23.424357486993653,23.5841809885754
13327,22.488812305972562,17.502043609451615
13328,22.800257494996828,19.486619798045474
13329,26.335526145645506,17.926749134021474
13330,27.43375971715103,20.11387054922063
13331,27.29236842443691,21.098592913054006
13332,28.65706965817983,22.54851708472329
13333,28.697622117247658,17.54586229089125
13334,24.705623872261906,21.330275018299293
13335,26.26352429897569,22.141308134896214
13336,27.09736321421692,18.946380217726276
13337,27.352367882786297,22.694934072023177
13338,26.88763307434307,20.208996020606687
13339,24.949528610876882,16.885300947729426
13340,26.326251704213163,23.717570806546888
13341,28.56695623462855,20.592940633463787
13342,22.709834209992447,21.7500162424409
13343,27.531538344589226,16.188100425579677
13344,28.725778799401084,24.890327092008263
13345,22.24213931362813,21.310370801897616
13346,25.414276233245147,20.137085598051513
13347,24.609091357649575,17.547096535401508
13348,22.230586569893113,23.443786345173816
13349,24.11272867154827,17.529804952146975
13350,26.992266694769796,23.10332978423665
13351,25.9182806874877,16.851146366897815
13352,24.574065395248855,21.984793212431
13353,23.754409050179138,23.953023559621204
13354,27.274879100231445,16.629683292420395
13355,26.78153560011979,16.39319030131036
13356,27.56959231825997,20.07082418668555
13357,24.131509147307348,24.103155818618106
13358,28.274278108024568,21.520597954212437
13359,25.379905416537152,18.34707212479328
13360,23.711101905602124,17.341994476520888
13361,25.653145313341728,24.845653065275755
13362,24.71141031279185,19.665806779874742
13363,25.204216630741918,17.242093454336555
13364,22.897435530083964,24.528115767747753
13365,23.08340450669055,18.299887164083763
13366,24.547093392568122,20.933753959440704
13367,24.625315529179712,19.635183487100594
13368,25.324538408634595,16.48709496115469
13369,25.787522512785525,23.588485055281097
13370,25.36317946279581,24.042013797498306
13371,22.02391386607499,22.46435740388156
13372,26.000832630130596,20.232781169969165
13373,23.143057689952776,19.36352330277052
13374,28.380949392544476,23.425735746834718
13375,27.457912375536942,24.503417446577963
13376,25.445177452198664,24.154841651395913
13377,28.434210765243897,20.597239657569155
13378,27.48987768975522,18.605415422421476
13379,22.367263070309935,20.261295320342686
13380,23.7960817385417,19.72211220356926
13381,27.362045890907,16.586854117963497
13382,26.457667806843535,21.189681944837012
13383,27.948238337070123,22.452360385404997
13384,24.85819217378996,24.641957029840427
13385,23.71804459574625,19.11159189020021
13386,22.372778250488786,18.283946766847123
13387,26.773891907857596,22.053140620917425
13388,25.607563489965997,18.6082935397069
13389,28.981058956314122,22.499807454152982
13390,24.580957647770237,16.406626476411343
13391,27.08051079308234,20.84639049098992
13392,25.093749683074282,19.857742935155187
13393,26.73908520663932,18.422064501835216
13394,22.799278255574983,23.00841850891583
13395,22.191859051282872,18.622171410885823
13396,24.016743524698455,21.974382588604
13397,26.83516284515729,16.326418134225005
13398,22.931808111901542,24.740415510570873
13399,22.778720790189585,17.891869878395678
13400,23.31274272311896,23.298058626009706
13401,23.505348388299364,17.766077541524382
13402,23.459031038163943,17.923851847646386
13403,22.672944093875262,16.091209949467956
13404,28.94217969694645,19.035582911747746
13405,27.472869171888284,20.531636654072308
13406,28.164367289383513,24.215813524947663
13407,22.646236575062655,23.55858742762979
13408,27.868578087250697,18.062226164493435
13409,24.229038754381268,23.524055247912255
13410,28.27595407388227,22.455611816599784
13411,25.5442266685696,17.60473434379119
13412,25.564572038393884,22.505579317832925
13413,23.105870563693667,21.978570860575346
13414,27.079285156292507,17.527083429949315
13415,28.67009459945524,22.490877280197587
13416,23.986264092827362,17.83640561279944
13417,26.074585908272972,18.992840616247907
13418,23.22310273993974,17.13574554636052
13419,27.304799180916547,17.694231501933054
13420,24.32344421325542,17.292458861871634
13421,27.95573573570072,22.291298105164618
13422,23.58006788376319,16.62542054864298
13423,26.252048178030147,23.573469006769983
13424,27.240151533902825,16.836140624098732
13425,26.280033045554973,20.9015719050893
13426,24.3109841681354,21.311640413200628
13427,24.251547956621284,21.198379698956604
13428,24.181845022746224,24.188238934185456
13429,27.082521683408572,17.291613776778135
13430,26.174281375276813,22.974088839168523
13431,22.784766859306387,22.86216602737799
13432,27.321036897281598,21.519937356225245
13433,26.416861565806236,18.78888599701081
13434,22.264688184039585,17.99898930200097
13435,28.191526514602117,16.161595744650167
13436,22.749549033543765,20.89647442954714
13437,23.088377881306165,22.7726877775551
13438,22.53151283509107,18.588511564066202
13439,22.41460201062098,22.66365917812291
13440,28.728323470376523,23.257362429776727
13441,27.362580391741886,16.33842420121138
13442,24.89919097868352,20.6723217042557
13443,25.18346562107,21.154644315917498
13444,26.348589129368747,23.68740497973824
13445,24.276269784462105,21.44415343354391
13446,27.298860236497774,23.112156132022797
13447,27.685839576350286,20.78952304979344
13448,27.85820307785864,22.76468199424203
13449,28.66322046063164,20.720542868346513
13450,27.452917765837682,17.25936393537328
13451,27.724934082424504,20.14365436830273
13452,22.72268744897747,18.62969001753503
13453,23.4107579196375,24.8327332380552
13454,22.824666530040815,16.194056170749498
13455,28.273185206787716,22.745227945457405
13456,23.974474240779884,22.01600313917021
13457,25.46976552312623,18.85370578917927
13458,24.460316466555078,20.26780124369461
13459,23.52546783350144,17.101547787581595
13460,28.19017938350634,22.228326694426414
13461,26.129598716186557,21.461152692633156
13462,24.053871484347493,18.05462784782742
13463,27.836232500632903,17.67338937931605
13464,27.386870895675816,17.638265849112994
13465,25.786914072476176,17.609646462491458
13466,27.33388830321588,23.272062476346974
13467,22.64811309017455,22.324903553244866
13468,26.518076498234127,19.426636360717012
13469,25.675113802702676,23.005377865222208
13470,22.744635022891163,19.325963361160497
13471,27.666490241247164,18.512255748171853
13472,26.77464430203134,24.627945660653047
13473,25.443297540144577,22.349851512873798
13474,24.311874244431095,19.969417959214752
13475,23.668944286135385,21.360468124625687
13476,27.222837387956783,21.43606000358795
13477,27.803631362622085,20.45597605352552
13478,23.777536775863116,21.145406093228505
13479,23.561983833726686,20.72563929231735
13480,27.014452342484944,16.422985773124037
13481,26.145152327644652,21.965782608810443
13482,25.926107486879694,16.66632494494672
13483,27.49124938625645,24.13204608547324
13484,25.923001080617787,20.08789796886056
13485,28.06973451438309,21.397273769475103
13486,22.880625598797224,24.71221840814131
13487,22.28147716949488,19.839006299212937
13488,25.267229895486857,17.580264557731095
13489,27.999200628223523,22.19821589361127
13490,26.305446809425025,18.325409454073323
13491,26.539681572080955,18.6398808568033
13492,27.264777895331875,16.828768385996533
13493,23.294682164215462,20.610344025955527
13494,25.406075545904717,22.64105937755506
13495,24.851198505942495,23.872263274396182
13496,22.676298741789083,18.54481127690549
13497,23.919811755004027,19.008282265207864
13498,27.685589393623392,17.963027050274878
13499,23.29758717676038,22.918801239553872
13500,25.39949887848725,21.74719772110225
13501,28.5115867138397,20.61959148625628
13502,26.64548094288767,20.828325878241117
13503,27.078711415290435,20.335859075087736
13504,24.050434050646828,17.15528569835659
13505,22.226013219985965,21.108100040368868
13506,23.17261805213199,18.48195202466922
13507,23.27563013105746,16.056349508642928
13508,26.65022712038483,21.592545813322907
13509,28.849490903465373,21.082754795454335
13510,27.608991220267633,18.627176304782154
13511,26.98352856242363,17.250832354498748
13512,25.93432597574431,19.268649551623202
13513,24.5573990739945,18.340524290907663
13514,26.008555373136634,19.934517209524962
13515,22.271183470779338,21.281339675860483
13516,23.14749152780393,22.52235857175262
13517,22.066817197878166,24.348212889692455
13518,27.00495471604848,21.196510888725477
13519,23.17515374406204,21.129952150009743
13520,25.26293349906736,18.654593192860585
13521,24.169470899144518,22.10601227015182
13522,24.567661963484667,24.020567211237715
13523,22.713426132000595,20.10332427231601
13524,24.37419554153628,21.03516166340748
13525,25.730045244945465,17.163839068528535
13526,27.094652677539102,16.705575458408067
13527,24.999066518721214,21.48671988112573
13528,28.2688544325124,20.333860189878745
13529,27.83902217760096,18.136868853425984
13530,25.49464225667866,19.862726766946423
13531,27.582168665899644,23.31791409826031
13532,25.999006192323517,20.863758001995294
13533,25.773639620983033,16.239022712991837
13534,22.003957029240308,24.667309184300386
13535,27.349384377199172,22.55402885452167
13536,22.436448992481978,23.660119370981636
13537,27.064401252826038,16.53257991194557
13538,23.901171376098297,17.318420668969114
13539,25.814208254223537,24.13420844471594
13540,26.455003859424508,24.474153020526526
13541,24.148558475660312,18.870221195749316
13542,27.344506277010822,24.835208506129597
13543,26.243678905069807,21.06221430906367
13544,28.239562876438725,18.187206219646335
13545,28.991779939401482,17.438919131696615
13546,26.301746030235158,18.46451731230381
13547,24.794684547643556,21.048561943294597
13548,28.993025879192185,21.67789735188748
13549,23.99921756386368,22.542375568176965
13550,22.2175726122416,22.340681875110835
13551,28.187540572581142,24.38233896283788
13552,26.76025099464647,20.42292278827071
13553,27.424566249441163,17.28068982659649
13554,24.65017395933082,16.730879914787717
13555,22.549340474739665,17.5896256834652
13556,23.41194271865736,23.6907389243261
13557,24.264205714008792,16.120813492767642
13558,23.412038619023374,18.265144789538954
13559,28.8302048120311,23.480933260173735
13560,25.081573426925655,24.748697358400975
13561,23.240451074680394,24.410924320136942
13562,25.888749722719485,17.38221539332207
13563,28.249455712468993,20.692092549300114
13564,23.06832884108716,22.07107446835231
13565,24.46643666740023,20.228337858460264
13566,28.56682878927948,22.70143326072758
13567,28.023083612993112,23.208705962646356
13568,25.11942552915215,16.337471519513702
13569,25.531642804652066,21.088025767335655
13570,26.500826508351555,16.489519729318104
13571,27.757076526064083,16.36685842407974
13572,28.353888376984955,18.970299816221853
13573,25.695746138118164,21.473897951951752
13574,26.027692309420196,21.255658451749863
13575,22.706818140535795,18.926596650262763
13576,27.850101699956387,17.250776528447663
13577,23.961193310130923,23.209113977131885
13578,28.220302543742946,21.458415361056538
13579,28.965773688211456,21.360375059583916
13580,27.034470561613496,16.29716944672141
13581,26.119538132336054,23.717926124057676
13582,26.796250719439744,21.85214441156265
13583,24.154361625733056,18.924682344158242
13584,23.389444539548418,24.12401756976836
13585,23.914215882167266,23.41053443502445
13586,22.547016995041766,19.666694110683817
13587,27.942319254585158,18.168967919906436
13588,24.104572973135646,23.65012582796729
13589,22.334217616625633,21.57907129263954
13590,26.45564460464447,16.111619033855867
13591,27.711062154292396,19.121369252011416
13592,26.435509062912864,24.998820697266453
13593,24.73151510034345,17.599708679105927
13594,27.026602254208026,22.394282729503306
13595,25.78226547237407,23.159459654674844
13596,27.335119721763594,20.137797177661657
13597,25.098533242496313,21.012989647175388
13598,28.18948715091724,19.09862907639435
13599,26.715552349638827,18.845351484324155
13600,25.78907357231737,18.960554029029915
13601,22.887849528286836,20.917070719191194
13602,23.36237161356663,20.744397451095285
13603,22.00455231567524,22.577634329545113
13604,24.50628427397317,16.46259868449411
13605,25.892545831461945,20.960725660321454
13606,27.57046262968644,16.5320850463041
13607,28.721831337637667,16.60493291315565
13608,24.84424007070425,23.44986477737839
13609,22.259593717927928,17.99410795156819
13610,24.55984217034376,19.012604974693332
13611,23.83096371147587,16.450741696146448
13612,27.397915558552647,21.80349771284633
13613,28.640754424551368,22.809651976384142
13614,26.698925988377518,18.900419690580765
13615,26.985741662323402,23.672652479621714
13616,26.310892372070676,18.647379860834718
13617,22.732254289217956,17.056450314005374
13618,24.389388625382033,22.286116158477157
13619,23.054554840170297,22.11319498813925
13620,22.050198898638502,18.12650379342347
13621,26.167793021943375,21.07671806399429
13622,25.134854692482662,21.229972916010823
13623,27.530407968319356,23.658315841409554
13624,23.128116095318667,24.74407021171936
13625,23.13525438377053,17.658666033556788
13626,23.448183522049376,17.9109508947018
13627,24.766844423636435,16.81431028122711
13628,26.160859755880622,23.46636321273621
13629,27.678070775108505,18.170608702255915
13630,26.759167649667305,22.650504969534936
13631,24.313164013332425,18.351483879278323
13632,26.989544352907,18.948641738070346
13633,25.74175350475992,20.829435939047052
13634,27.954143981815054,19.87040120354124
13635,22.625330451209457,22.458769883363946
13636,25.069063719581173,20.62298448813663
13637,26.68825116327797,23.917560323839872
13638,28.211036387019945,24.564212341437795
13639,23.253390168003804,17.581842088907738
13640,26.03318054262222,18.510976164322205
13641,22.780406388615347,19.48289183925986
13642,28.54188554916307,22.33662071665067
13643,24.671007150782707,17.391697111299674
13644,26.34980686970816,22.802030092606955
13645,23.118571969306114,18.877388175694655
13646,27.107301310123066,23.398979217644012
13647,25.23420698871202,16.539331985532524
13648,23.650300618020495,23.978744478321595
13649,27.626397408812164,22.491679002688883
13650,22.916535021913038,19.192206361450356
13651,26.105295652762006,22.10593417652652
13652,25.77514679094938,17.62609735063258
13653,25.36405357937198,18.698258454287306
13654,25.882936563101115,16.438577670154594
13655,26.988809351999834,23.438002333181842
13656,27.969715441071642,23.273754974896644
13657,24.65173628584646,21.38786916818279
13658,27.202164783437876,19.399429796837346
13659,24.19348771208643,22.941416251655376
13660,26.881461833409702,16.696939815527394
13661,28.1695034642451,19.304366615979827
13662,22.09200774965233,18.20695938615066
13663,27.298629652140537,18.677581538441046
13664,25.376139381928684,19.253117705409586
13665,23.408207985544035,24.869486767993283
13666,23.973435670286094,17.499802929009775
13667,25.629222556430996,20.53769770720374
13668,22.519634001562988,22.3827633435174
13669,25.310283517292135,17.379185499943535
13670,28.40378394278564,17.89728852696925
13671,26.13349680177884,20.651870600770817
13672,24.10625647215524,23.46573295799527
13673,27.173933121892002,21.712756322394597
13674,23.0120332978676,22.343302611203086
13675,25.572603930839648,16.45212113403657
13676,24.204352023352232,22.971384598372456
13677,27.542394580227736,21.854118008840494
13678,26.99528095885274,20.247689411578104
13679,24.50926058617187,23.672472293152136
13680,24.147752368962514,19.009880818342758
13681,23.009242048283447,22.21972019052386
13682,23.352246665692018,22.806978158490764
13683,22.62282076672645,18.90577162765505
13684,28.860563237661953,23.191707404224477
13685,28.858507409879728,24.133885395185526
13686,26.145536052589485,16.86334321399848
13687,24.004872915991324,20.661179208647916
13688,28.21538504840563,19.413588610388206
13689,24.822351762778727,18.07621106493387
13690,23.68116283040342,23.720398074102153
13691,26.510479906229726,21.137021804461387
13692,28.10001154030551,20.005924442988537
13693,25.802962803798305,18.795885426685082
13694,25.205742062641804,23.637245928034915
13695,23.296157772908504,24.97874213301245
13696,22.994147641391706,22.631756380884717
13697,24.45099089620593,23.23938850194063
13698,28.01899906092282,16.62520701605896
13699,22.656908408168906,16.086615806709315
13700,25.17781457874215,22.210737412127468
13701,22.752076934148377,24.602736815428557
13702,28.629627387261205,22.081586807072195
13703,23.572939044605125,18.59378047018314
13704,28.830800277245565,20.150761204669305
13705,23.313482901198984,21.712221732279733
13706,26.200419696546795,23.783691794413695
13707,25.674411210883456,22.83917760358623
13708,22.8268354380842,23.79713791508065
13709,26.2866699277483,16.497326165172474
13710,28.64034550730981,16.143648890525487
13711,23.45125986466776,24.370137212097255
13712,22.068163899172056,17.968760088704855
13713,25.782783866838088,23.436390479656374
13714,22.740408143567866,16.232876574120795
13715,23.166367103898896,16.10024883211928
13716,23.351441929656982,17.987846377715563
13717,28.519737092848793,19.28472089054412
13718,28.718717351160308,23.862069042167775
13719,24.50590205304619,19.667821368689832
13720,23.91875237767685,20.389815015011113
13721,23.587603680807437,21.98831034114092
13722,25.317322695075838,17.110219260847487
13723,25.914043939910798,20.55675702646718
13724,22.170319493270682,17.60388597971355
13725,22.2048204218158,23.632318739804653
13726,23.097502904598063,23.979959895243894
13727,24.692806488595767,24.097003553677425
13728,28.242638139708756,17.691176094973837
13729,28.378158575042022,24.68476030627994
13730,27.989945229858975,18.725943368644796
13731,28.914842689389374,19.345046676080734
13732,27.462696540992717,23.964475483940554
13733,28.10847876890405,23.018763540865763
13734,22.318512128793202,24.067813261714214
13735,26.36917397492836,16.639399904864263
13736,25.320183892273626,16.28594914222717
13737,26.48202088584741,22.242875319919996
13738,28.50254000397848,19.488506900846872
13739,26.105784074531964,16.32450096575786
13740,22.67539206220554,20.300915640782396
13741,27.233246298064884,19.07794387825239
13742,26.200784576153225,17.450510850970335
13743,24.538363281831565,22.866660346292523
13744,26.713076333401407,23.181882439546378
13745,28.82063552271559,17.307470549032683
13746,25.834380601736495,17.944408999007436
13747,27.347802679155524,23.478250833942027
13748,22.295000894674622,16.994733830242016
13749,25.179833993755228,19.258787530129066
13750,26.30998018669473,18.124736498033776
13751,28.766056228388372,23.11170104297293
13752,23.16048287907744,18.190076546565585
13753,28.792734699571604,19.38537090883358
13754,24.17567864856801,23.059173521166784
13755,26.394900521272362,21.679685731216452
13756,24.802083354793137,20.386795049242636
13757,25.879858410290126,23.98634735644752
13758,26.019053644608718,18.53295900634638
13759,22.949244396305737,20.785174915541713
13760,22.76066150769191,24.590075218945188
13761,25.131132857223154,23.786650154966722
13762,28.157914126290635,19.902660261228704
13763,23.98424863499462,17.706018740533167
13764,26.34487847909661,22.615427966146875
13765,26.05617145368487,22.867698285893177
13766,27.630740474014367,18.130115233229787
13767,26.855443050468992,18.720643283913436
13768,23.037395689575117,23.732161827362756
13769,24.57618459983101,16.25261198352959
13770,22.2538856383603,22.163084788992116
13771,22.200149353882146,21.294550185360976
13772,28.876880390402953,19.92239624948364
13773,22.48403431209762,23.135392290795487
13774,26.27083768654998,22.5613853833104
13775,25.641495376877405,17.115115471709746
13776,22.794821539187218,23.555253816975394
13777,23.173143624550907,18.66481207538606
13778,22.125750223479304,21.76775008739862
13779,27.643094054708623,23.744003849551003
13780,24.491997414749882,23.06304347299239
13781,24.480638941057812,19.968096106932446
13782,23.39827401914715,22.332619140786395
13783,25.314887866211006,21.858456646226408
13784,28.6056378860096,23.762988242383848
13785,22.924175274126995,17.257186750789298
13786,23.29468740394414,17.58155292491994
13787,27.352014655282225,24.114353039230316
13788,27.42285490890033,22.577443838560914
13789,25.8894207960944,20.359795227593207
13790,23.129956415515974,20.051648497049037
13791,26.63339274206374,19.352669264457706
13792,25.708315134401445,18.917612330198764
13793,24.326324698862596,23.29544011633771
13794,28.176401292858344,21.102514653798128
13795,24.718382096300278,17.805873523912368
13796,24.60686060718467,21.30330674111312
13797,26.143703475967243,17.929530109522968
13798,25.808244856913884,23.138723834089454
13799,27.481159575053905,19.37915261501598
13800,25.769721802677527,24.512218687157223
13801,25.99317806983014,21.158916458309047
13802,25.329392232729514,21.629241310222604
13803,24.272525562602652,16.293417442934345
13804,22.31729048030044,24.70921567318561
13805,28.10986283775695,20.070910951808028
13806,27.69861008015445,23.679176985181527
13807,25.825914920342544,17.507034046186853
13808,25.711642716273133,21.9948143308441
13809,27.370685944566176,23.38047569315651
13810,22.23988440964166,16.586878365653845
13811,23.888336005851333,24.142696444598368
13812,27.248629980749573,16.72166461631747
13813,26.082885472409536,19.516638496539475
13814,26.70726920583356,23.891696721558382
13815,25.456932016213376,16.050618177885855
13816,28.74584564483415,16.436534520055492
13817,22.532784359616922,17.597587112877278
13818,25.914086272096917,20.315134729045525
13819,27.352767850646362,24.4103678147551
13820,24.04702881962614,19.859516827883077
13821,25.022793416549366,23.69251376520696
13822,27.480278707438615,17.78900790364425
13823,27.308122278532885,24.580593482427012
13824,25.54472686565746,19.244502221458504
13825,22.283165689733064,23.549221995582506
13826,24.373437821980552,18.39311057936984
13827,28.973481665150814,24.81717341931175
13828,22.76932275461992,23.505554432621608
13829,26.52205509399161,19.929361071885243
13830,24.566666760327884,19.97831650014539
13831,23.737147526889036,16.520793725385925
13832,28.997789591051934,24.521364673686158
13833,27.73947476909396,18.63085393769236
13834,24.245696737054026,19.64046082012044
13835,23.993945550868,21.588053306406817
13836,23.496466222048433,17.771195907357104
13837,28.0791519079104,21.30528508422642
13838,27.995893258485953,19.507920912133045
13839,26.757462635832255,24.22493932711641
13840,23.16712290400484,19.713467938062088
13841,26.77227041416784,23.462587161795142
13842,25.19561445512916,23.385475610529188
13843,22.33520814830859,17.961072576237886
13844,28.7789388872981,16.269529140084767
13845,26.585411935896936,23.373599627864877
13846,26.06537350654366,23.75410977521044
13847,24.124567460000367,23.26221690747446
13848,28.723226814206974,21.191556763291235
13849,26.74830838383837,17.99454160279421
13850,25.77507653798743,22.220087674866114
13851,26.649515201227665,22.75278481326549
13852,25.48384443036357,16.14540306528079
13853,27.33698228590066,21.262115152407144
13854,25.08319867513797,24.774925733925567
13855,27.354577373229382,20.230271353132316
13856,23.103242279696307,18.73147631241699
13857,25.80533094860755,24.8476084459762
13858,25.81997448873506,22.13713248453714
13859,25.398424030065303,20.026909965879845
13860,28.842713357394413,24.874768449585105
13861,25.181143764479955,21.76904065947799
13862,28.86074047111409,18.488381645895462
13863,22.39985964129586,22.83603056899987
13864,26.14991332997725,16.830686957851196
13865,28.73601151127425,19.993207393796386
13866,22.783049458041685,18.86296032994965
13867,27.86151179630248,20.598129065134827
13868,27.72932244229687,20.27233715377939
13869,22.22868586962755,20.336086756509697
13870,25.63776514142728,19.83605011545599
13871,27.034885853863877,19.00954618528268
13872,24.53110927073655,19.826597694845095
13873,22.452843095931396,21.928282717933733
13874,25.068306973923942,23.702004245624096
13875,28.92193512696242,24.537637744321508
13876,26.92890237290876,24.29463254968245
13877,22.511579827488852,24.77902561460421
13878,24.428023656843948,20.39620438042725
13879,27.250752928949847,21.701503355098975
13880,27.714126337135873,18.346291993978205
13881,27.170341031854015,20.352186169396337
13882,24.164572942431874,23.107876445703504
13883,28.53798183964998,17.213833148499788
13884,22.842451174633727,16.566753871173784
13885,22.5133714010985,16.394781381758126
13886,24.517109343523995,24.235146634685435
13887,24.871631514573856,18.472132472066647
13888,25.608253172040264,20.242209846582522
13889,22.423515551464085,23.211629137215873
13890,22.983898492425045,22.28454058528014
13891,24.15952284561854,24.31285803720774
13892,27.077312188774282,23.073478537943807
13893,27.71886029578946,24.75227794638343
13894,23.942959301425613,23.354944162247712
13895,24.406803017589766,20.703003242900476
13896,28.99788658550716,16.278283793738076
13897,26.82460893347718,24.74957664958167
13898,22.29668861769141,22.395737858367788
13899,27.321695511817538,17.406567338146253
13900,26.934096398763163,17.96260912681533
13901,27.817841140060978,20.264225283280453
13902,27.591454525660517,16.033168616256425
13903,24.779997878969645,24.20981595380528
13904,25.987910341418647,19.11079523489119
13905,23.717495254450448,23.344992868505567
13906,22.78245486650445,21.16867322117816
13907,22.822519796148164,16.017320869626705
13908,27.902370198502894,17.258164839489545
13909,28.436931409130814,16.91044496603127
13910,24.517684452232302,23.724962924676422
13911,22.520938090136898,20.096161147402707
13912,26.474192586408982,20.22054394901419
13913,23.86063835794731,18.683352489071638
13914,23.18289401318995,21.203758545703348
13915,25.21594193005419,18.866102602879153
13916,27.271924176577013,19.867058485510324
13917,28.34983883985095,23.69708087410132
13918,27.40375607512633,24.357804863448102
13919,24.616582593461946,16.823967272786835
13920,22.920831135468937,22.80415356036362
13921,22.95226818015218,23.59883316638462
13922,25.344741617700514,23.005275776005337
13923,24.66897422433945,21.657617656817344
13924,22.82080194968442,21.41096851573689
13925,28.688897057895932,19.980313271821515
13926,24.82008262858698,22.784487832079414
13927,28.25536949159806,21.212013477737067
13928,23.24080166014474,19.77354552783906
13929,22.08488966919578,16.628723003506394
13930,23.70483610744792,18.017946167563537
13931,22.96944926006039,17.317357169356733
13932,22.633515874082295,24.95643760800692
13933,26.45447376426636,20.128731214353774
13934,22.018234048853564,19.2583049842786
13935,27.278561730010285,17.642914979006182
13936,28.953261513816408,19.611984388635598
13937,28.75610837561882,24.226123915890064
13938,22.50444323769292,23.612532861697535
13939,27.165520935587615,24.39369647757804
13940,26.922519291806015,16.071807702603156
13941,28.536081698297508,18.658294610687797
13942,26.433975940291397,16.077033705539492
13943,25.69814753058823,22.953003506819233
13944,27.594933764730563,23.019823332735502
13945,24.133662952643544,20.236396996339813
13946,23.11781398991862,24.72560901090188
13947,26.347046767486148,16.990853513771274
13948,27.754771751243506,21.5645593377498
13949,26.430477786448577,17.012296557764177
13950,24.62841907535499,21.54369897591377
13951,25.53286203283414,22.842422634712765
13952,22.106276328411404,23.32556091337475
13953,27.230714560128984,16.619733904058172
13954,23.04870259717344,17.96240186347152
13955,22.679269027332484,16.74588243407215
13956,27.369778784275162,23.024395294925405
13957,24.401232147505556,23.075411608961364
13958,23.433298487764834,20.005268082645877
13959,26.468062958007895,19.434224358234136
13960,22.859178530678932,16.68481608110958
13961,27.762245667749163,19.37149587372252
13962,26.5495615954689,17.50245709756531
13963,24.235663006051443,23.43524865076499
13964,28.115615795685017,24.002479231219304
13965,27.845856151370487,18.79316707929688
13966,28.025812237046285,22.016668214564238
13967,22.943581560924933,20.717736459925977
13968,26.34487289945717,19.737858964127597
13969,26.768613273621426,24.841980460667646
13970,23.598185243936605,19.805229960445008
13971,22.163001071607255,20.356911434677194
13972,26.306149472388377,16.685911854927024
13973,26.239685217453136,18.881638576956682
13974,22.008563109661225,24.836859714126504
13975,28.411207780082812,18.01167310484235
13976,28.767306979384514,19.908801362938206
13977,25.831014618707204,24.969339051486834
13978,22.200032339275122,20.08506784065506
13979,27.861864184447636,18.73908936999563
13980,22.908812269899663,21.331812631169313
13981,28.602533782589134,22.16735430121413
13982,27.460704348949854,21.14636291571138
13983,24.496401423995454,22.420966569400022
13984,28.20874014220214,23.849076484851608
13985,28.53580700991935,24.59725912741522
13986,24.453934925707884,16.497458267654537
13987,28.344523624707932,17.86357004794252
13988,28.31472346642276,16.589455143821525
13989,22.760529093705273,17.65836397948548
13990,24.2333843844808,18.49047065920691
13991,24.06839333107463,22.54816750504725
13992,25.94230353386411,21.719959253178548
13993,24.369324333263542,20.968859236841546
13994,27.396427194774972,22.937626223732792
13995,26.723513150570348,24.51244522129612
13996,25.969041616139997,17.357405683172257
13997,23.17778083525419,20.330393128608925
13998,28.264619151483586,22.390370962540935
13999,22.37681586766982,16.454700134157285
14000,27.881132641659796,17.419260700406518
14001,26.637534664620137,20.64470264431705
14002,28.29482906736976,18.392172853298064
14003,26.84784972572948,19.668849017475026
14004,27.953961797093697,19.637571555810222
14005,25.635661761646816,18.470557817539724
14006,26.797969605800297,18.70668488052204
14007,26.522076461622017,18.416092543801902
14008,24.699175328317722,19.405640757521855
14009,25.435198586859638,18.810273665355503
14010,27.05176469506696,20.93513976493018
14011,28.65334293962782,22.097017698702313
14012,22.0685084506381,24.76300722847664
14013,28.43291120201765,16.603366383707478
14014,28.533114198024343,22.193088595066943
14015,22.301195089554483,20.940446476943485
14016,27.409327981662923,22.400554577355816
14017,28.040083308919442,18.714187773364106
14018,23.762871300522377,17.515606023330204
14019,28.900326694636536,16.051752168045315
14020,23.755504111355762,24.70141932715204
14021,24.913560261171135,22.34955300996019
14022,26.297587008177846,21.496927207908726
14023,25.66467134821864,22.142714929005642
14024,26.04825903346982,17.86526038515165
14025,23.962511030863936,18.76347960569094
14026,22.726788193713638,23.153604604054756
14027,25.73640639157198,24.787121633867777
14028,28.105202591932745,17.81381710628219
14029,25.15094232298071,23.764787059343966
14030,28.595578340459628,21.587545257628612
14031,23.1222244654618,20.17548794892675
14032,22.241746778823654,21.375795738925355
14033,24.227073871425905,20.59540281923327
14034,26.678604016460824,22.399500744762936
14035,23.573762868382886,17.812866198674975
14036,23.096251653362604,22.134073824108306
14037,25.626499460532486,23.761745502497668
14038,28.974710336192363,20.162998632626525
14039,26.670427604714853,19.21224372858206
14040,23.874170333077046,22.192904977948455
14041,22.436184495320447,20.101245739713704
14042,23.063284314040754,17.494699303470195
14043,25.37364103177702,20.223778653496794
14044,27.123356683872295,21.003932540256628
14045,26.40438574070471,21.28638009865329
14046,27.568948192760377,23.94662184020926
14047,26.445815731816424,22.756938757367024
14048,27.192340037458354,16.08725167060048
14049,26.933843740733042,23.477470386408623
14050,28.002430210494477,24.505817539690558
14051,25.551583509364978,24.055743946335348
14052,22.56049458817931,23.209038131746695
14053,27.314715126960092,19.73016606391989
14054,28.07417134654398,24.813237651505794
14055,22.904708348353545,19.20706351888053
14056,24.63637207461102,18.475647089789945
14057,25.21104756621952,19.38076445916079
14058,22.333023459461067,21.24173962880869
14059,27.22577435792583,22.845412207101976
14060,28.35005936099001,17.889854861069782
14061,26.467655621012735,20.606925319019187
14062,22.344384836311747,18.252975988761595
14063,28.88563814148199,21.07799219450736
14064,24.58022627182015,16.285712571298927
14065,26.41821963106536,21.278925141984626
14066,22.257355351222955,21.999282101073128
14067,23.568001892035003,19.274752346010633
14068,24.577987200974064,20.808768664901674
14069,28.762326143917427,24.40760785963927
14070,23.165360488519877,17.207228893580506
14071,27.005077081820236,22.399900373381676
14072,28.030127981120806,18.434444472779848
14073,22.997233950108885,23.274438536457026
14074,27.25847153053175,22.938955743865236
14075,26.279230082957326,20.025851295476173
14076,24.649021472893196,20.640722159660502
14077,25.518467981691863,24.876224485459403
14078,22.882474141394844,23.033803707970932
14079,25.844223866460787,18.267234868484863
14080,25.122396929208247,24.171814565732298
14081,23.564771177056247,16.58249800966549
14082,27.47187557796314,20.216971163753673
14083,27.310436741774243,20.439025678436824
14084,26.221093113476403,17.343755620333976
14085,24.586093677359006,18.09720297374011
14086,28.57552438350974,24.275058896394015
14087,22.659316261988746,17.739683837447647
14088,23.498870675493535,20.073064462114374
14089,27.095165489139855,16.63183430694758
14090,26.082081098320327,24.25635750598482
14091,24.755301789400647,16.697227924464702
14092,26.99178566057967,18.187435189660242
14093,28.926836008843217,16.248056933319976
14094,25.18897308398374,18.90130837867237
14095,23.047138758990968,21.254814577225353
14096,24.394352470866952,20.488114083604735
14097,25.594817493639532,19.556924730029362
14098,26.691698816008852,19.353797483210233
14099,28.427784188921997,16.380548952682936
14100,26.36667733042563,20.09251446957632
14101,26.702088656376915,19.011208983832738
14102,24.11684921927936,17.037053583030147
14103,28.76833208803087,23.202874457328548
14104,26.874508345860068,18.372720850386884
14105,27.916468550217836,23.831018323684525
14106,24.24752470028091,18.421431722432015
14107,22.930790950225646,16.017317605450835
14108,27.29274728056646,17.803032965925695
14109,25.465835200521568,17.690308429066693
14110,24.480161778672443,17.832981214901793
14111,22.692423325184116,22.425278028502426
14112,23.32152861328715,17.567301055688066
14113,24.070778960146843,19.3155557699226
14114,27.10253364997282,21.215441588650986
14115,25.452975672067417,24.82604694035909
14116,27.456262852041014,19.83554930517947
14117,26.185468221244545,22.01737822877903
14118,27.312742014590572,24.26487414475871
14119,23.71890796526776,24.48205108474384
14120,23.74280946797471,21.480172767190602
14121,23.29623720440324,20.03098925207459
14122,24.58270558213546,17.785101502601037
14123,28.329710075443707,22.69205134764752
14124,28.717954815959427,18.67547508475436
14125,28.198784176027726,17.95595674722745
14126,28.12966694281953,23.825863054155732
14127,24.499824646907857,22.047312610623273
14128,26.51653524968033,21.627665300966044
14129,27.206348990447253,24.16314414454809
14130,23.06036592882849,23.457782260088027
14131,26.01170126648658,21.175432165150763
14132,23.92209196724827,21.50363855996693
14133,28.2182616457863,23.48449085771707
14134,26.587210024673674,18.062227185481433
14135,23.204593564823774,20.321045087552285
14136,25.819552873172494,24.77837673027632
14137,24.54807172726705,23.400854876218325
14138,23.98607107076722,17.89146703394102
14139,24.798074360562673,22.2886519528671
14140,27.480204296042196,22.873744660717616
14141,28.18228647477381,23.341323598529723
14142,23.41663556823248,16.038762810980693
14143,28.802226301200957,23.565350692578825
14144,27.400354113316027,16.503802831810564
14145,24.7449673594082,23.072063730076213
14146,24.202342561326915,18.590562468360986
14147,28.981376703499556,17.905010581715622
14148,25.69943066803051,18.146840312197288
14149,28.66724741171179,22.09008939062996
14150,27.96863990774356,16.487493812115858
14151,22.16755899174384,19.361387619038467
14152,27.01039899310675,20.15668579406582
14153,26.640464510681024,18.702716537132506
14154,24.60222367615971,19.2069779423532
14155,23.410681557637577,24.178326543019793
14156,27.23738009916838,24.616176798547144
14157,28.825094330776306,22.44754678360558
14158,23.14370157098061,20.17195005302279
14159,25.893249240985867,18.686335306417007
14160,28.632948557728714,23.328215337025334
14161,24.76695325914694,22.36663237345843
14162,22.75711398221617,17.59138098132042
14163,28.487064114817688,18.97169698201835
14164,24.05237154263071,17.386524284095294
14165,22.393165714153884,19.22293661053903
14166,22.999576431463364,17.767630551885482
14167,25.732520201252438,24.156975685832244
14168,25.08099153859443,22.234857314209936
14169,26.30837593590563,24.718768582659372
14170,23.302054812551486,24.872699729634064
14171,26.447020552314367,20.48301123690046
14172,22.402547535765436,18.125688422411073
14173,24.946716226760206,24.695952277683112
14174,27.805229679943817,17.459602495733012
14175,27.54018899066702,24.32461027748616
14176,25.453417596718946,24.355908863426585
14177,26.8845941277592,16.62294714439651
14178,27.19508294100739,18.44732224060845
14179,24.942198155567528,24.598998646931847
14180,27.66205705129373,20.023408582981407
14181,24.684495602341066,18.099409866638062
14182,22.82116869326257,21.46658249143289
14183,27.784177287534252,22.79915753016506
14184,27.183189583367877,21.985233234704175
14185,23.96989937972746,16.9578164966461
14186,23.8349047246,17.256751064569006
14187,24.029776831423792,18.46609641448977
14188,27.829013686480213,17.007930403002003
14189,28.58432662839717,19.79618964072497
14190,22.66351573557156,24.12745421402119
14191,23.99460228498184,18.122786055893314
14192,26.642114046810416,16.172956354779462
14193,28.641890311248268,20.89931981310445
14194,27.16415267257362,21.931561536062446
14195,24.577220615340654,16.78396025223511
14196,22.070937860952842,23.65089302993421
14197,28.423900818512777,18.55114660233217
14198,27.88428809713149,21.287642534886558
14199,28.822399073610804,22.92486923211253
14200,25.772936623336204,24.49994450967931
14201,22.519670957530078,22.193300103911405
14202,22.97183484117544,20.70563717512281
14203,27.631305997998794,23.423121626473623
14204,25.497200919594974,20.80514005192121
14205,28.38456235335911,18.70417503593493
14206,27.256147934703364,24.643978581552968
14207,24.784698765813914,19.885455252137866
14208,25.098178561916786,17.76065972114526
14209,26.39851578698381,20.115740260603946
14210,23.002758391676043,22.539161793420494
14211,25.26134761953688,20.98723548450521
14212,25.710769549462146,18.832220700995972
14213,26.74590536315337,18.02780236920596
14214,26.841579695137256,23.064779385959365
14215,24.816342273324487,22.99703604106576
14216,23.33989751787469,21.16002637771415
14217,24.115717531114008,19.751817107326616
14218,24.076032537190933,19.489514030485886
14219,24.804937611695035,17.69523073888496
14220,28.27865773356232,23.074021824534498
14221,22.588659366270846,20.49764493484993
14222,27.157509611159114,20.24341305043813
14223,28.543015302629257,16.51424604940421
14224,26.407020078218956,23.08626550138052
14225,26.262830294984404,21.971269502732355
14226,28.7054595515979,22.998107731816887
14227,28.341690598476426,22.075094032140246
14228,26.991909213867014,23.233237257957562
14229,24.75043318681208,19.133367958040598
14230,28.329870273529053,21.169898895950155
14231,24.6603685524505,16.550787704158886
14232,27.779719012373256,23.21460008521102
14233,27.092090198905,21.318658318810833
14234,23.068403949081524,22.50949239195325
14235,24.710130329077042,21.52421521350402
14236,22.19900223536508,21.588197346436942
14237,22.868812168866842,21.73622755612928
14238,26.56270142044626,23.31501460774745
14239,26.895872589191637,24.493093256904785
14240,26.22493509864187,24.25958634036846
14241,26.177643457101183,21.98324498696269
14242,22.51649159319156,19.65263474505319
14243,23.374946114787726,18.071872735698662
14244,28.881905075061326,20.069077029887914
14245,24.220482281405197,23.582786715889224
14246,23.764088303006506,24.571316810973244
14247,25.383286849623268,17.436196370457694
14248,28.836021611079257,19.743284499762538
14249,23.11555083767462,21.66206145313238
14250,26.56085386119016,18.171877360901973
14251,26.06643817710702,24.385322901739546
14252,24.514874126222583,19.744916228656777
14253,24.925160967268255,19.616991836283674
14254,26.757803545594378,23.00834457943273
14255,22.90660217302665,23.90320575352129
14256,26.113446217653646,19.807771100627004
14257,27.48568053813128,21.698977466486696
14258,28.17541295678154,23.735317262951092
14259,26.187903702745878,24.30794003551962
14260,25.180162184197314,18.89989323499617
14261,22.156611432245846,19.978884906025865
14262,26.275097960097636,16.394881937984465
14263,28.11247077461462,23.62687127828744
14264,24.34514761026471,22.431109880949375
14265,25.72639958827662,21.947460136919734
14266,27.950685970177272,16.339432659107985
14267,27.291010174079346,22.23333684267754
14268,26.42776969341824,21.350794589302765
14269,23.195301238061464,18.85598351094319
14270,28.39553005419786,20.96096903323079
14271,24.5274258740835,19.050815931546403
14272,27.105996759503576,20.544151329496792
14273,26.64581679160971,22.610278052441465
14274,23.62225287870788,19.156647055281375
14275,22.425720923102713,23.16393444435213
14276,26.559928033024164,23.881966573582407
14277,25.93615687709134,19.936475078939885
14278,22.64636165180401,17.180730895273307
14279,24.055825495354988,16.629400831401934
14280,27.297529224940284,16.719816246389474
14281,25.975232973896397,16.84686055338351
14282,28.60219813917554,18.629656405087196
14283,23.468804446815597,16.938175501957172
14284,24.176391189023718,22.893825347452253
14285,25.58174427488032,20.49618714205564
14286,23.17154876297379,21.789927065959787
14287,27.2768235848967,22.63673434859721
14288,26.568637020571416,20.252461549154294
14289,25.47201458916847,17.152529014081342
14290,24.890827887607568,24.218641272771023
14291,24.973910548388233,19.06983313281119
14292,28.75189873419425,22.832089674155434
14293,22.39056488393591,17.177314852322265
14294,28.660923746155305,18.930680311180126
14295,27.641440113383144,23.707466745201035
14296,25.908588665324316,22.403666613693904
14297,25.297816681316668,23.963118544650158
14298,24.59973299441765,16.780644712267005
14299,27.207834256321533,21.39083967790429
14300,24.579937048444716,17.855723597950117
14301,22.579194881206192,18.272087689151327
14302,26.140202662392632,19.267997998045452
14303,26.73885371537041,17.40949541070183
14304,22.12669071204669,19.702192966146214
14305,23.225214450867437,18.18120529656598
14306,25.214639069209294,23.867724011688523
14307,27.00933540463998,16.88709482085909
14308,25.469092538766564,20.085267597959117
14309,22.689634856860685,18.597083191583145
14310,22.959282473140693,23.79121424041636
14311,22.63260932761371,18.261689940947004
14312,23.36397189387905,21.405893645979297
14313,27.961938588293247,23.51936431059766
14314,28.919009158669315,18.968650775420542
14315,22.3716373062818,19.6280853219238
14316,26.28409217527564,20.352278220462633
14317,27.859659367880063,17.376001935346533
14318,25.364997837504024,18.141805334349005
14319,27.04481911220498,18.493692799675607
14320,28.793243670425944,23.28841684931024
14321,28.445849154959436,19.628888420207126
14322,22.655404019799015,22.33522092429764
14323,23.13027587077012,23.304504897832317
14324,22.903655884127378,17.82444645983079
14325,22.889141621737473,19.17142297398738
14326,28.194636618913155,23.15953524101396
14327,28.322959775530773,24.038803855461598
14328,28.841132178112034,23.99717521005424
14329,26.213871636429563,21.828133947447135
14330,22.279216779990094,24.729543845963043
14331,22.222993037485626,16.647882506295744
14332,23.7676206627949,16.250420191999606
14333,28.891763619043857,19.961939973096257
14334,22.159845049642094,21.980046740419567
14335,22.041146283339295,21.945513751868255
14336,27.167518630624997,23.077856120116287
14337,25.556838965825676,23.845005821956217
14338,25.97243140751918,18.738293277702148
14339,27.317456992340738,20.387232509306315
14340,25.819125267761237,17.080962632128116
14341,25.186112705499333,19.67457130936989
14342,23.819214488991218,16.1651353870614
14343,25.90052454377631,20.91717235094655
14344,22.057685721285868,16.06381834291325
14345,22.513886642824108,24.844263009805303
14346,24.617217114577414,21.58997660484328
14347,27.721685068794677,18.174714627861533
14348,28.26555619833524,16.313041341915316
14349,28.41975933746754,23.835157335876303
14350,23.768555234529387,19.42533910789595
14351,27.202873270694685,16.016562916622473
14352,23.218008517804,16.054389690501544
14353,26.56515043695734,20.696715841786464
14354,28.9782087030937,19.387799510178855
14355,28.58335546207592,23.289683274860668
14356,26.169225465342578,17.25455503403669
14357,27.05044714051253,20.666641133240205
14358,26.275409475229342,16.338759858213162
14359,26.945447411373017,17.38136561558669
14360,26.866713884597267,19.610131218306126
14361,22.68300331933075,18.278540677480727
14362,25.26247867320099,18.08664409566015
14363,27.70195602863114,22.89003976213208
14364,23.857708284002207,23.93386883798768
14365,25.98449868493018,19.62090272788392
14366,24.81868600193559,23.992721426783547
14367,28.027278734837136,18.30370431766356
14368,26.190400331136114,23.905908376653148
14369,23.116572396167022,18.851479378766207
14370,24.012226579639695,21.896307716498686
14371,26.068479874507403,24.175098084026022
14372,23.988677656578833,21.727491290521645
14373,28.260468328678744,17.88658756254917
14374,25.863230624809024,23.21900989310467
14375,25.24757714817521,21.130791541605838
14376,27.808123117846755,16.877664628352893
14377,22.357409203100058,22.898846442158106
14378,22.38061516145157,24.005749817029375
14379,22.62501253657451,16.04328152030484
14380,24.39577250473652,19.8373825130606
14381,27.458083390519374,16.863896295372587
14382,26.137840261703534,20.89577503291258
14383,24.873614802298942,23.167855727558095
14384,28.031457996818453,16.96361762663516
14385,26.812893810937396,20.647348077714632
14386,26.36019256185248,23.58716258010862
14387,28.700960766382295,17.82545805417548
14388,26.327633260382015,16.44293733029488
14389,22.88832953782593,23.385222817634556
14390,23.14222758695315,23.476368582584207
14391,24.62110053568553,23.129954059284223
14392,27.295012875438868,18.289949678930565
14393,23.793856473760854,21.203768756551447
14394,27.472983984824307,20.105063305563597
14395,27.6445513638331,21.665701112845177
14396,23.206756446766907,16.303880211536935
14397,25.53211192760857,23.009104353649697
14398,28.980054879436214,24.338676456290152
14399,24.282335617073628,20.944654623323018
14400,23.503618276036374,23.850238937915904
14401,28.129318629964423,16.864829581902214
14402,24.270979505912422,18.43690469146641
14403,28.650816959224557,16.260159654383774
14404,23.530429649223468,22.10554208436744
14405,22.530986431017926,16.07660791037375
14406,25.382559031775607,21.46473495311024
14407,24.984577255978365,22.963685478959526
14408,28.177702980629675,24.30025779447682
14409,27.81702107962869,18.211277089255667
14410,26.00505450983992,16.275661173763307
14411,23.440921831701257,23.879264594608387
14412,24.590139296973803,22.662888509785063
14413,27.962807128048688,22.13695395074157
14414,27.211881610984207,23.97734800278779
14415,24.10871610295446,22.87156364980256
14416,23.23096237019088,16.316203934395645
14417,28.579676585540792,21.909188944371458
14418,27.49613658714775,23.504329887964616
14419,23.072110880571756,20.758476526054082
14420,28.139931002092922,18.743510557393492
14421,28.098377367049295,22.658769270148053
14422,28.851205581093375,24.65160948666579
14423,25.460351151359696,17.006861963531172
14424,22.90363163123524,21.18820222753061
14425,22.106784698301688,17.435428248057995
14426,24.842832074081823,17.56975681569262
14427,26.157123305908534,23.97808630936192
14428,22.248790236689914,23.71454772024603
14429,26.781270051359947,16.676134975845624
14430,24.178711755702608,17.33679811206253
14431,23.1849334108306,16.449835158850036
14432,25.437304376356593,17.502561767346837
14433,25.667763994162843,20.3484803151497
14434,25.112031276772015,22.26596540345153
14435,23.419839254075907,19.69866539300191
14436,26.415730769444167,23.169081571290544
14437,25.350123859402657,17.255954333083736
14438,25.245593108360517,23.9218097222303
14439,23.953406591105015,23.232408005313673
14440,26.28159137921612,23.024896645124663
14441,25.089405450643657,20.147829867384008
14442,24.40819611583856,20.28869250684469
14443,22.058036023126313,22.268094824276005
14444,27.476004130884107,18.404013091969624
14445,28.439792365168383,16.776485168969778
14446,28.22503836829514,16.319629887543886
14447,28.537263626978252,16.506575523174256
14448,26.133465542455273,19.557761434811617
14449,28.864090854610314,22.16954281952091
14450,28.92933874912125,16.40255301650009
14451,27.48817051833284,16.530121923014278
14452,28.582814614004775,20.1535363168543
14453,24.26857522590265,23.731892489129557
14454,28.902764860402332,18.21683799196741
14455,22.987034171176745,20.294642201299727
14456,28.005469434100913,18.88521862156588
14457,27.394570028319706,18.10356217958315
14458,28.523069140914433,16.517244544410534
14459,24.75479547017079,24.58193561517708
14460,22.76561562079329,18.973573522035487
14461,22.276507807588075,18.93201803772695
14462,23.553532648295864,16.170502373645604
14463,24.432707250610218,23.138372697539303
14464,27.865997411251016,17.007422505213206
14465,27.688473000807377,24.910268809952235
14466,25.21607893514255,18.66144311206044
14467,22.93356921836807,17.321429336417022
14468,26.395315776600416,19.309595899204126
14469,24.212308170987992,18.866012276512308
14470,24.47921283648889,19.88890009258477
14471,27.774418397558115,20.53764239760558
14472,22.9747319931765,22.96962796193423
14473,26.632185971310253,24.3664465801107
14474,25.955148814076747,24.7886071818438
14475,24.016072330884217,21.414054753700277
14476,27.890073879542893,23.241226201664027
14477,26.39121272953568,22.940654536439332
14478,23.903086470232143,23.652283909638633
14479,24.48297965172754,24.810201018548597
14480,23.635644252719814,18.772745516580095
14481,28.547580037820808,21.536198977614088
14482,24.670113718811606,21.855966292013274
14483,24.70178966563276,16.23482238260248
14484,25.323101207293508,17.612539671160945
14485,22.676327174123834,19.87166142009301
14486,24.130554633779305,20.18020011621228
14487,25.596687161327235,24.03360154562838
14488,28.73423994961785,19.66527347201318
14489,23.309601306628394,22.147309736690488
14490,24.91533831995077,22.588432216448382
14491,25.98628938651348,19.062743427910164
14492,27.857881907315765,23.042056676697687
14493,26.367934377923984,18.283112540500095
14494,24.895673598358556,22.50383087844268
14495,23.235382827375428,18.970342132746687
14496,27.68789709888171,19.176717703860984
14497,27.24730056748586,18.114643688763717
14498,24.11100787585796,22.817291338545616
14499,25.974777456635838,20.233797269791708
14500,25.351292025124984,24.69054570899935
14501,22.900545500762505,21.933892905718583
14502,28.505346752853203,20.62525658063163
14503,24.891879505401004,24.073868989836264
14504,24.061516919693464,19.523147036483618
14505,25.17778993501147,16.584116175802112
14506,26.88384481111639,20.773115779606048
14507,24.79702895636844,24.74334265313808
14508,28.372448731247765,22.60518810582851
14509,25.21424601810661,21.53381944756109
14510,25.247653080486238,21.518126364921933
14511,24.041403043566433,19.208939401070538
14512,28.908661353331837,22.096839172950403
14513,22.880189335979026,18.4300440797847
14514,28.65881696244503,21.582404703880837
14515,28.74717535415016,23.221196695617753
14516,27.68485813429796,24.6016204334519
14517,24.358258819266077,18.874526863714706
14518,22.5359630181042,22.0929925885573
14519,28.99509100073037,17.140228234945017
14520,23.444755968923683,16.992573852901092
14521,22.364976423006063,22.201071933393557
14522,27.50263733701254,18.201891910136464
14523,28.65916995868031,19.86657033108505
14524,26.66876925092196,21.460927505621406
14525,24.98478541691528,17.157699759217643
14526,23.271628044380567,19.02062275696
14527,27.565138541299476,19.474696127389674
14528,22.638018671015395,16.31215025214443
14529,24.524652401734997,23.06883192857219
14530,27.228632854249007,17.545358899930612
14531,28.522805154479517,16.583586193929985
14532,27.610524739147635,23.46372687334058
14533,24.47229022290525,23.028245674071307
14534,27.329869803331643,17.09024869804259
14535,22.90256994724147,17.613532547428314
14536,28.34869554966063,18.248215717512927
14537,28.604985971036843,16.94479412066705
14538,26.8388136188724,24.164746786544534
14539,26.335668910977596,19.96594434813566
14540,25.098492191508853,20.159861300422975
14541,23.618741207620918,20.357085244975316
14542,26.0675790678976,22.977793507329366
14543,27.98527828936338,23.632665647022
14544,27.658693532880257,17.124985096368775
14545,27.59449207912702,20.511308532739477
14546,28.689304332063323,21.573731024625012
14547,24.277080165368524,20.117777186590185
14548,26.16556346727215,23.47147857042224
14549,28.715338995841144,18.78516346367185
14550,25.198891726725094,24.340895283310587
14551,28.370307608658354,22.863392384132858
14552,26.486382210892724,16.32285084572447
14553,24.505725169544565,22.75904609889457
14554,23.756587692714753,20.53392231602656
14555,25.168729775078365,21.505754626650152
14556,28.20235839469828,17.59685211294063
14557,22.428295825505725,19.120611719841026
14558,24.440117100329292,19.202301946160404
14559,24.825368667483215,20.64498793459081
14560,28.491331717698095,18.374565798923104
14561,26.978453492840977,19.337420884991197
14562,24.829060274501852,17.119061288502593
14563,25.68719334493219,21.9957168011674
14564,22.343784836745776,21.56440609442385
14565,24.522909993603466,19.85860256415732
14566,23.323084922910862,20.96572813866117
14567,22.047038567992267,17.795029069777797
14568,22.676623352997815,17.074003255471055
14569,28.300668562441587,17.754112500366826
14570,25.57356547508867,18.16583308154643
14571,25.554771391879356,22.221856772597672
14572,24.00649052600161,16.7767276281435
14573,26.523146136009846,22.77879415143589
14574,23.467063841854266,22.939382656488206
14575,23.088526587542596,21.539637523416587
14576,27.724428852236606,21.28408310495962
14577,27.25994716735272,24.23140829093644
14578,22.926459824206017,19.43211204178901
14579,24.53888220047878,20.89570643121451
14580,25.204851364446228,22.315222857273312
14581,24.334550282349333,22.879769776748155
14582,22.765897394416328,16.38718546404249
14583,23.83008017299785,17.52008709668358
14584,25.7545139933375,20.803380387452894
14585,28.972306267102894,17.991643066812916
14586,26.424144708380403,24.876926311548665
14587,26.488120657152866,17.6591107850326
14588,27.90574489599691,24.975741329429468
14589,26.59241139018112,17.620888314855733
14590,27.093824282906787,22.705145160646534
14591,27.174341895275663,23.523532048619273
14592,23.957285687319366,24.261773290691803
14593,24.327323326146285,20.295549060788023
14594,26.622882618014803,22.678626921138438
14595,28.256019864486543,20.808799099694525
14596,25.88218971842203,23.3587261751398
14597,24.835384049234037,16.20403087878935
14598,23.45160456720454,23.303261470553682
14599,22.38901878300378,18.97933967651045
14600,27.665827241592023,17.87850174670098
14601,28.443760733356164,20.846865005367214
14602,27.611585274541664,24.601335709688552
14603,26.946077219862374,17.3680866761593
14604,27.50789835086708,22.181685846976055
14605,26.247332880085523,23.673463334275855
14606,25.260960689975665,20.762040758682986
14607,27.037673113550625,22.19608482866111
14608,27.801732790544037,19.239137557489208
14609,22.405705921658452,16.197341326135742
14610,27.999544462254953,24.25577304252175
14611,26.159113967313335,17.560033679801084
14612,24.837220620067114,22.174681152057552
14613,26.686975064168827,21.80934434974214
14614,24.244311597982268,21.745984916758722
14615,28.6022040878841,22.846385877212455
14616,23.02381988300194,16.47468547749523
14617,28.46950183523596,20.84247471600068
14618,26.107778563118565,22.795522878829484
14619,24.484134314448486,21.917380133440417
14620,24.25872270559236,21.44514831419093
14621,27.424441761474,23.00322147392523
14622,28.689071223680624,24.915575897222595
14623,22.825280599125715,18.776890708175465
14624,27.36851064259048,20.893436481602343
14625,23.996810515198856,23.02338754342331
14626,28.0200291486712,18.080923506583947
14627,26.807290407140577,18.515431247072478
14628,24.441843207136316,17.168926304439275
14629,23.19678173064369,23.943579434699043
14630,25.441933468927004,22.90747689933511
14631,26.38128723354585,17.853033224277812
14632,28.086584026147744,23.755694689115522
14633,24.536935783970705,19.90053681967044
14634,26.042889188944443,18.70147615185164
14635,25.260840203458965,19.81851433294663
14636,24.662808510082716,22.239760465702282
14637,28.451728859485215,19.285116444359566
14638,27.82377994716056,21.059240554953014
14639,23.144624230683,20.760012390800842
14640,25.961801873234336,23.17244236436884
14641,23.821933156361016,17.88753706963311
14642,23.898788046722387,19.9897777746169
14643,25.076323915254775,24.02680436827881
14644,23.683814644788697,16.673656955573662
14645,26.838142524443857,18.26355309084673
14646,26.291315988511318,24.072599388238455
14647,23.64133436600761,17.833327611896998
14648,22.350475016095096,18.89851020147348
14649,25.78826329653642,17.728884428868586
14650,28.25279890663785,17.533589952348425
14651,26.49263717305902,21.611956955144485
14652,23.317638280319926,17.26315492284619
14653,23.963230950234074,18.268924126885274
14654,27.533119854495418,23.2722303345259
14655,26.8857027803959,24.28970256241283
14656,27.57740207588458,18.914090932624045
14657,27.035029027776478,20.38753046108813
14658,28.837030413197525,20.497938428745595
14659,27.03669633770787,19.048369294504454
14660,26.778261130331092,16.851631945395642
14661,27.301069009907216,17.172452751347617
14662,22.35888983426575,24.849365599983884
14663,28.441017920352447,20.939279298662555
14664,23.14089113063433,16.004151154006635
14665,22.148448311313942,17.164842459181322
14666,25.692721885921483,21.892863823698956
14667,24.596626976739525,20.229191851505956
14668,28.28737111526697,22.785017391650026
14669,26.786322499073727,21.888025053419216
14670,28.666853654228145,17.344678035121355
14671,28.734696365718634,22.301835757311675
14672,28.059241659036267,17.51848158648673
14673,27.90313846219743,16.869515515256975
14674,28.622204025429404,18.99991420070898
14675,23.181047776309402,24.696489825206122
14676,26.958372706327157,18.990577547599507
14677,25.74084660722982,19.550319250213747
14678,24.92359571321512,16.301690372285275
14679,25.352892205545917,16.786048569663304
14680,27.987288065467062,18.95220484939657
14681,25.47117723608663,24.767782332883737
14682,27.05309875853539,21.960375371545513
14683,22.256589130770404,19.592784684505858
14684,28.52339116112234,19.806880230651267
14685,28.533487573139908,20.544570992217935
14686,25.612499167678312,16.767149335038546
14687,23.500765172294006,23.642330630812207
14688,28.769196519746117,18.154775891816605
14689,24.715541202269957,23.73717610992919
14690,25.86676466394992,18.543072096816157
14691,25.901578338256574,16.976270226563148
14692,24.663408574620828,22.648217519624204
14693,28.924275349100284,17.403397039921977
14694,25.824555821021704,19.79359872700895
14695,25.422798322679427,24.883194392688033
14696,27.712288331216165,17.86385560842508
14697,27.527426327454044,17.61091198195909
14698,23.428375402741505,17.352593808836957
14699,26.805744368674414,19.17878571306944
14700,25.909087218897742,17.42288024329827
14701,24.97683269891171,16.595858246925864
14702,24.65733332250179,24.498660818574983
14703,23.31173523883758,22.134563185449753
14704,24.328680599519977,18.57795659690437
14705,22.851544346503836,20.209147534398582
14706,27.026959309626154,24.971281770543577
14707,23.436024460066797,24.69175607288389
14708,22.62854020052533,18.14908420635338
14709,24.904844543769165,19.867597367554698
14710,25.577362174486712,21.976511558958876
14711,23.012220341677676,18.928446623349245
14712,28.94921705275557,23.16127834075197
14713,27.549492639670554,23.282070781655776
14714,26.512111253340706,17.64538439489992
14715,28.10603724683575,21.683384941421576
14716,26.95444291508382,20.33623823017427
14717,28.38004530778889,16.70436943398852
14718,23.329005127647225,17.320783732898562
14719,26.64479100526736,16.03036815248625
14720,23.47063692004926,22.400639746879207
14721,28.660296918112433,19.85428452968375
14722,26.268540926156824,17.78522034136488
14723,26.063762683341555,22.702715159593115
14724,25.565824490813814,17.646027740668977
14725,27.287032409248805,16.043741337319062
14726,25.73221007776119,16.788213719643142
14727,28.226570420936515,21.038055416347433
14728,23.713988780548654,17.105430256942018
14729,28.288675276192183,19.709110809283683
14730,27.013153683260985,22.778133911005977
14731,24.35946424303278,18.599119194031115
14732,26.04697101757902,24.9936364205942
14733,22.20771373293942,24.081321330088386
14734,28.232938059348513,20.400817964834395
14735,26.927001520651704,24.027961023196358
14736,23.15128236842665,23.059085661608705
14737,27.123114630224503,18.3038970972907
14738,26.4135619813828,22.688667261671153
14739,23.989485971148778,19.46837988519147
14740,28.206072291822423,20.578317146224748
14741,27.467795102143704,22.671935970581497
14742,22.63486393746305,24.161588256420963
14743,25.928623287154725,21.8887934680895
14744,23.547616029843663,19.120650571926674
14745,22.489837150263376,20.318981092986164
14746,27.718458428393824,23.609881612247655
14747,25.516728956182636,18.127041626811117
14748,25.247524240200413,22.50148684459169
14749,26.137489596550996,23.819916124613798
14750,24.84880228695365,20.17390577428221
14751,22.05700922510177,19.337557119868734
14752,22.012945416873997,23.390517082286387
14753,27.682641416268396,18.45182564364004
14754,25.560931581647367,21.63307525907952
14755,25.207099256960692,19.322697274055077
14756,24.51972702372802,16.55901591284148
14757,24.403169841944262,17.612816839483624
14758,22.508954511565534,23.076924923795367
14759,27.98480806385216,19.614296470869228
14760,22.84691052718161,16.833995130639966
14761,28.872806045880296,16.93960925286557
14762,24.70552975455489,20.117270561948544
14763,25.0934333375014,23.192985278205263
14764,22.57075596595756,20.248226234699203
14765,24.055512918584093,21.361186528416955
14766,24.72567666809684,24.233334733739692
14767,22.916624453142802,17.679515227306908
14768,28.854035174507715,19.912679277627056
14769,28.46854968119294,18.851017945579265
14770,28.35899392334416,17.01528661854458
14771,22.632526032888276,19.294589708405965
14772,28.548055860873394,17.63930979501106
14773,22.402419349864786,18.511121392533514
14774,22.506119730303546,24.700848794254547
14775,26.13499066085867,20.010112990686153
14776,23.902021858086403,22.180483301962322
14777,25.78142213942689,19.097623375132205
14778,22.016852827702515,20.043324583250755
14779,25.036262602714686,21.482716611926094
14780,26.821808544311097,19.811563739157926
14781,28.176820484307036,24.583734962030583
14782,22.49115405116938,24.43123768406442
14783,23.665818980247472,22.642183198154353
14784,22.739630206147268,16.341864990353727
14785,23.127451580253,20.672833168730143
14786,27.296577239766325,16.926053285140096
14787,23.63790258381301,21.51761904968827
14788,28.0783913360778,21.452719281738037
14789,25.341727782597932,23.83536624426724
14790,24.22175057346844,21.5105206872694
14791,28.655563480930716,17.217323095513752
14792,25.45515888148095,19.21726363108607
14793,26.057496954369405,18.142215484238257
14794,28.28121760450758,23.850311734085793
14795,26.830835888768707,16.740920924988604
14796,26.767227385773033,23.99349943452658
14797,22.277525916276442,20.962986192464793
14798,25.222792937127405,21.11740362086649
14799,25.261680843235286,19.522826556128585
14800,23.5834191860493,16.25620539083181
14801,26.27235516744745,18.435106760651955
14802,28.962891764678407,17.428998763986076
14803,25.606145971921006,20.54858390433061
14804,22.61445841324349,23.996637765853016
14805,28.697205556247262,24.04779045269727
14806,26.89986041896161,22.01977726603237
14807,28.994191662176522,18.213044473764878
14808,23.224679986226977,19.92379007652215
14809,28.024180495919154,23.737487251552583
14810,22.77035622431745,19.8071079216204
14811,23.522389737585662,16.830628666394556
14812,28.75695204277651,22.481224041065637
14813,24.25785342223459,23.216724655957684
14814,27.676889446312234,16.103604816058585
14815,25.0799092431643,21.08598526415603
14816,23.82416804809732,18.65416491451228
14817,24.465629051891902,20.594657739777265
14818,27.503092603352425,17.91882903519825
14819,22.40403880663243,20.511780551185655
14820,25.888497757215358,18.71583855966602
14821,28.60320589813552,24.467930548456856
14822,28.09363985467762,17.877701446896054
14823,27.073378751644654,19.221526056321668
14824,25.687837699709583,17.832145722780055
14825,27.305854397428064,24.88908164408597
14826,28.36819767378957,19.53466034735752
14827,24.922702858452716,18.741545662296023
14828,23.29629197877862,19.18466443669773
14829,27.25685379813901,22.22567187972075
14830,28.469199612823243,22.994459894412806
14831,23.914990362497694,18.366139394737292
14832,28.484674537653746,23.24258595647374
14833,22.299924825147347,23.529125678764032
14834,25.904519891142954,23.51279921330382
14835,23.782656129327087,19.008682688544468
14836,22.525323532523032,18.738035898480845
14837,25.30095720582399,24.679678981154375
14838,26.861401675487063,19.043344825066477
14839,22.308750675946964,19.758441961449112
14840,22.55098688137668,21.979772293679943
14841,22.973076405584788,16.044746555582815
14842,26.36805260436486,24.2864931056167
14843,22.55546881136067,18.04167930003597
14844,24.59349697168628,24.261184585822097
14845,25.361232088038232,17.888824499263805
14846,25.863715971378102,16.691404953182236
14847,27.68977707399455,23.295330961862337
14848,23.230384501799996,23.12861776676495
14849,26.613781282672427,18.971022774827723
14850,22.214912326618673,19.06515753422367
14851,26.040268984927913,19.411725962167832
14852,24.530867327724636,21.715920202313537
14853,25.345492373306758,20.69637483663783
14854,22.216168062832008,19.28752894867106
14855,24.178773363640683,19.10708331180085
14856,23.70657600087622,22.19042628698676
14857,23.68742569605763,21.854787583316295
14858,26.453103795365717,16.8785510658631
14859,22.820914833987196,19.024533978017633
14860,26.217211977895538,24.033766768693383
14861,24.419992387806392,19.262168737941607
14862,23.6424473863593,20.672601316294042
14863,27.902913893296553,23.061519330124696
14864,24.85540188928488,22.50284472088138
14865,24.024186965405452,19.925035116133973
14866,24.211179296860387,20.189782019562962
14867,26.058155852206426,21.05492556538685
14868,25.487323813133443,24.415757619578468
14869,25.902071953539792,17.102384293346326
14870,23.449722149849805,22.207584716691315
14871,26.087932964544834,18.11249272649847
14872,27.370293470589992,18.78239214657377
14873,27.292994145084563,21.974892478444303
14874,28.077206316675827,23.254699186404263
14875,22.40719358741961,16.46883025719139
14876,28.216251673032815,21.923026618612766
14877,26.541567232688536,21.203567250312247
14878,26.3796567256496,18.500775042617484
14879,27.412864959967088,24.865261655576166
14880,27.734382647548845,17.684908202057688
14881,23.168180000267935,21.350227920795767
14882,26.06497300893204,23.406425813615087
14883,22.86414527320688,17.922176599141874
14884,27.328053703185752,16.490351757621863
14885,24.698656676002177,21.389588120193714
14886,28.879382057534546,20.879839631055294
14887,22.565092284978945,22.101810786180554
14888,27.038337798117023,21.046620632753992
14889,28.07287389797811,24.961782677445015
14890,23.917176522657147,22.00257704535649
14891,28.51075355505776,22.31918329105374
14892,23.414072798874695,22.826828568872298
14893,25.517186800328513,20.35131693705122
14894,23.05679691462844,24.017717854839177
14895,24.88685983995065,21.094874897978116
14896,26.45791091110622,18.37955940246842
14897,24.131483580368176,24.561984510655666
14898,27.176317857980965,21.078857992382318
14899,27.420824485896834,24.376914844450532
14900,26.403428512686748,20.528895904314723
14901,28.700675326798226,16.608256882214008
14902,23.611772978187854,23.190711586849275
14903,25.181715106646617,22.306716859427123
14904,25.634134519663128,20.015541162649956
14905,24.508523223688233,22.06519341435358
14906,28.721484695359344,21.187598949703304
14907,22.39511061907439,24.58647799172485
14908,23.15151604391318,23.290729306334033
14909,27.082670399214543,22.90573759748782
14910,28.630547815973223,17.018523363510624
14911,26.351468281776377,22.68174752319501
14912,26.84783305052899,17.6062774909591
14913,26.440665150828234,20.548279564660504
14914,26.418518691259557,23.717826721993244
14915,28.143245037182055,22.114443078764772
14916,25.350928081996106,21.07878610314797
14917,22.10703560077856,16.89764493563527
14918,24.370147881043923,16.89856621158676
14919,23.930811645251673,19.644655061965608
14920,24.926125669162982,16.1513227580726
14921,28.90062184094199,22.699983713485025
14922,23.791523026643258,16.707790641788577
14923,23.200438053971833,23.206084280709774
14924,28.346632257898385,16.585279693892417
14925,22.543099442200035,16.730936559193218
14926,27.734747230602437,21.254219042777535
14927,26.622330356863273,19.324672825467122
14928,26.561640348847266,21.65636690019648
14929,28.10064454309739,22.18963146818121
14930,22.353629321830528,20.301356181746645
14931,23.288800690524987,21.254332465391933
14932,22.87869032003731,20.894074414883804
14933,28.072560445155162,20.48418128866733
14934,24.329154180332587,21.833158106420868
14935,24.114415949454177,24.057485023712765
14936,26.083895909482965,18.693453584020254
14937,23.002366732503415,18.764435669006495
14938,28.169779299069226,18.983725361973722
14939,23.626853375146023,17.95233854463615
14940,25.688392486343695,18.07598897399302
14941,27.587355620351612,22.137698778020003
14942,27.3662740133895,16.02880019476689
14943,25.423159645392964,16.408797048290396
14944,28.548012293680852,20.796269183796834
14945,22.095261998146263,16.39591792559781
14946,24.780125509667258,22.67602524798767
14947,27.344669876602005,17.309674798177102
14948,23.640382704589314,24.439691109637508
14949,24.55078640468659,21.337144134643168
14950,28.112871397375287,24.167000021658854
14951,28.125784903554525,17.341806498835496
14952,22.74915477837011,17.55509968444947
14953,27.265115056275405,22.605696205872952
14954,23.29299700609825,17.181349181041963
14955,23.802852270648568,21.187578211018764
14956,25.626758233147463,24.80873230519709
14957,22.75579352996024,20.315541712065578
14958,23.917588409220865,23.208528911722695
14959,23.39157822849299,16.869845627076216
14960,22.497938212157965,21.120661767586128
14961,25.816060643728314,20.890991888567793
14962,23.974076333218466,17.654301811002924
14963,24.071982564162816,24.25851438712015
14964,28.12925874412106,16.065183342130755
14965,22.80457612498389,17.24927575854206
14966,26.513947802748255,20.271471339505
14967,23.06949788067454,20.735153974530014
14968,28.43920438945505,19.28956988383836
14969,28.277654552774585,18.217767171723995
14970,26.00364326004636,24.023081510043262
14971,22.575279127763093,22.637100023144697
14972,25.370438734720214,24.07221763599396
14973,28.00383801831298,24.236174311945355
14974,22.732360309154508,17.485365192329613
14975,22.28355916825674,24.526013289185595
14976,26.119753985834578,20.970040129964083
14977,25.885856909342657,21.700205599838526
14978,25.166005730805413,21.646208776014333
14979,23.111865660773553,21.675389974573154
14980,28.499113038708288,18.55726596250995
14981,22.769031496112028,18.63856266976022
14982,28.844783778673687,22.91749914794827
14983,23.03964390874574,21.762086702239408
14984,22.095016050589162,17.93844214158799
14985,28.593597973093562,17.432833337670324
14986,26.215989349783648,16.198205862493325
14987,28.886935886044494,18.902865511658646
14988,24.584366775315747,18.032050733734085
14989,26.920119673261798,21.021262713742985
14990,22.133445876637765,20.19999621589285
14991,23.545973556798202,23.834506353088315
14992,25.67720931820464,19.302131678328223
14993,24.195382814419226,24.015828190385076
14994,24.546173151494052,18.6772646006413
14995,26.28507349596067,20.12054945016931
14996,28.21610337386271,24.401973895985613
14997,25.698492176548598,22.286263873924778
14998,28.956598230843184,16.093064194194028
14999,22.371997320924244,23.95741346710816
